1,Fay,Scholl,fscholl0@senate.gov,Genderqueer,88.9.202.33
2,Kelvin,Fifoot,kfifoot1@jugem.jp,Male,60.14.225.41
3,Curt,Abbyss,cabbyss2@go.com,Genderfluid,9.34.236.23
4,Malena,Bullent,mbullent3@uol.com.br,Male,4.158.177.70
5,Ynez,Underwood,yunderwood4@ifeng.com,Genderqueer,151.184.198.129
6,Dorothee,Hardson,dhardson5@arizona.edu,Non-binary,85.30.227.58
7,Aylmer,Snoddin,asnoddin6@scientificamerican.com,Genderqueer,46.247.169.180
8,Natty,Emmatt,nemmatt7@google.de,Bigender,74.140.183.199
9,Fletch,Jirousek,fjirousek8@sun.com,Male,10.149.63.210
10,Mahmud,Coppin,mcoppin9@posterous.com,Agender,67.101.44.168
11,Tiffie,Haydn,thaydna@ow.ly,Non-binary,159.35.105.253
12,Joye,Andrat,jandratb@harvard.edu,Agender,213.92.179.238
13,Towny,Bruyett,tbruyettc@geocities.jp,Genderfluid,79.68.157.51
14,Bea,Cane,bcaned@liveinternet.ru,Bigender,119.217.21.32
15,Margette,Roan,mroane@moonfruit.com,Genderqueer,78.61.195.133
16,Celle,Caltun,ccaltunf@oaic.gov.au,Female,195.193.7.179
17,Gabie,Blockwell,gblockwellg@bing.com,Agender,168.115.65.75
18,Ola,Willbourne,owillbourneh@etsy.com,Bigender,107.132.103.229
19,Bronnie,Sowter,bsowteri@hp.com,Polygender,245.231.131.191
20,Clyde,Vanyukhin,cvanyukhinj@mit.edu,Male,253.250.66.73
21,Clemmy,Allnutt,callnuttk@nifty.com,Polygender,105.115.28.216
22,Bernie,Wedge,bwedgel@freewebs.com,Agender,118.155.75.58
23,Anderea,Ropert,aropertm@example.com,Non-binary,166.252.57.188
24,Eleanor,Rivel,eriveln@omniture.com,Agender,152.182.53.162
25,Calli,Dowker,cdowkero@springer.com,Polygender,93.18.242.180
26,Hannis,Kintish,hkintishp@dedecms.com,Male,107.21.220.193
27,Hermy,Beaze,hbeazeq@ca.gov,Genderfluid,234.178.49.158
28,Avrom,O' Gara,aogarar@twitpic.com,Bigender,236.243.178.236
29,Rochette,Delafoy,rdelafoys@51.la,Bigender,150.228.28.149
30,Brit,Scanterbury,bscanterburyt@joomla.org,Non-binary,50.79.228.69
31,Fidelia,Huxstep,fhuxstepu@blinklist.com,Bigender,96.33.112.83
32,Fritz,Dymoke,fdymokev@dion.ne.jp,Genderfluid,199.112.177.45
33,Olympe,D'Alessandro,odalessandrow@exblog.jp,Polygender,206.125.133.112
34,Brion,Dealy,bdealyx@odnoklassniki.ru,Polygender,200.137.250.43
35,Dur,Merwe,dmerwey@hao123.com,Genderqueer,41.123.87.32
36,Laverna,Lugsdin,llugsdinz@trellian.com,Genderfluid,98.240.27.208
37,Bernie,Janjic,bjanjic10@icio.us,Genderfluid,193.180.54.32
38,Ceciley,Fairey,cfairey11@jiathis.com,Genderfluid,235.227.177.29
39,Horacio,Chippin,hchippin12@elegantthemes.com,Male,55.60.20.112
40,Kendricks,Hagard,khagard13@360.cn,Genderqueer,239.200.47.81
41,Griz,Duffyn,gduffyn14@odnoklassniki.ru,Genderfluid,214.214.44.12
42,Darren,Raunds,draunds15@bravesites.com,Genderqueer,161.33.239.230
43,Pollyanna,Charman,pcharman16@yandex.ru,Non-binary,89.130.13.95
44,Aridatha,Rosier,arosier17@earthlink.net,Bigender,71.191.57.120
45,Wye,Raspison,wraspison18@list-manage.com,Female,204.93.102.235
46,Ginger,Curryer,gcurryer19@arizona.edu,Polygender,32.61.219.213
47,Petronia,Banham,pbanham1a@narod.ru,Agender,132.79.80.160
48,Allsun,Robbs,arobbs1b@github.com,Genderqueer,39.45.159.14
49,Rafa,Polhill,rpolhill1c@ted.com,Genderqueer,1.21.85.202
50,Sari,Scamel,sscamel1d@unicef.org,Genderqueer,168.53.175.80
51,Sibella,Beldom,sbeldom1e@google.ca,Genderfluid,113.25.173.27
52,Dorena,Huguet,dhuguet1f@theglobeandmail.com,Agender,161.103.172.171
53,Andras,Walak,awalak1g@biblegateway.com,Polygender,69.24.233.111
54,Leonhard,Whorton,lwhorton1h@cmu.edu,Male,61.218.187.99
55,Talya,Bedingfield,tbedingfield1i@ihg.com,Non-binary,175.249.156.254
56,Townie,Reddecliffe,treddecliffe1j@infoseek.co.jp,Male,246.227.77.116
57,Scotty,Verson,sverson1k@studiopress.com,Genderqueer,148.226.1.120
58,Cristina,Frow,cfrow1l@constantcontact.com,Genderqueer,163.197.126.13
59,Rockwell,Onyon,ronyon1m@japanpost.jp,Non-binary,253.173.226.4
60,Gannie,Chastney,gchastney1n@imgur.com,Polygender,174.87.184.2
61,Nowell,Hasard,nhasard1o@squarespace.com,Female,141.187.77.44
62,Pernell,Findley,pfindley1p@tmall.com,Polygender,38.180.138.141
63,Gregoor,Stutte,gstutte1q@elpais.com,Male,165.128.114.28
64,Tadeo,Ivatt,tivatt1r@barnesandnoble.com,Agender,86.71.240.165
65,Lorrie,Glyssanne,lglyssanne1s@netlog.com,Bigender,110.115.38.49
66,Ree,Petry,rpetry1t@wordpress.org,Genderqueer,51.122.176.64
67,Ulrick,Wrigley,uwrigley1u@moonfruit.com,Genderqueer,181.203.141.98
68,Stevie,Sumers,ssumers1v@w3.org,Agender,216.219.85.187
69,Petrina,Cantrill,pcantrill1w@amazon.com,Genderqueer,111.71.180.224
70,Clarita,Gales,cgales1x@oakley.com,Male,130.166.118.222
71,Rayshell,Hacquoil,rhacquoil1y@virginia.edu,Genderqueer,11.216.109.219
72,Shayne,Claessens,sclaessens1z@netlog.com,Non-binary,248.247.83.85
73,Row,Simek,rsimek20@imgur.com,Genderfluid,61.35.213.99
74,Winifred,Cummine,wcummine21@webeden.co.uk,Non-binary,10.134.104.197
75,Janet,Leadley,jleadley22@home.pl,Genderfluid,76.183.112.206
76,Micaela,Matteini,mmatteini23@si.edu,Agender,199.124.78.229
77,Rina,Belsham,rbelsham24@yelp.com,Bigender,17.189.240.113
78,Norma,Dodd,ndodd25@barnesandnoble.com,Female,190.123.135.170
79,Ellerey,Chick,echick26@qq.com,Agender,147.93.123.190
80,Jose,O'Glessane,joglessane27@yahoo.com,Female,247.120.59.189
81,Isidor,Casebourne,icasebourne28@gov.uk,Polygender,171.7.244.181
82,Brewer,Praton,bpraton29@chronoengine.com,Bigender,175.106.31.202
83,Mario,Cannell,mcannell2a@stumbleupon.com,Bigender,147.47.209.247
84,Kristy,Dilke,kdilke2b@mayoclinic.com,Female,48.45.222.88
85,Myriam,Matthias,mmatthias2c@intel.com,Genderqueer,64.44.45.64
86,Jonas,Semper,jsemper2d@amazon.de,Non-binary,239.176.101.140
87,Magdalena,Warrender,mwarrender2e@independent.co.uk,Male,85.248.138.78
88,Barbe,Perrycost,bperrycost2f@about.me,Female,137.126.89.146
89,Heall,Wartnaby,hwartnaby2g@mediafire.com,Non-binary,51.164.54.179
90,Niven,Ilieve,nilieve2h@wired.com,Genderqueer,178.25.231.35
91,Meade,Knock,mknock2i@phpbb.com,Male,41.135.78.153
92,Enrica,Charte,echarte2j@hibu.com,Non-binary,5.6.226.229
93,Adelheid,Iorns,aiorns2k@networksolutions.com,Genderfluid,212.135.45.71
94,Norbert,Kenford,nkenford2l@cisco.com,Polygender,34.102.18.206
95,Neall,Stribling,nstribling2m@utexas.edu,Non-binary,31.244.224.174
96,Dyana,Blindt,dblindt2n@webmd.com,Female,53.66.44.43
97,Micki,Gossage,mgossage2o@amazon.com,Genderqueer,169.232.233.120
98,Terrijo,Shippam,tshippam2p@auda.org.au,Non-binary,109.9.180.119
99,Lacey,Lardiner,llardiner2q@jimdo.com,Genderqueer,60.124.160.223
100,Adam,Makin,amakin2r@imgur.com,Genderqueer,58.164.221.50
101,Fabian,Applegate,fapplegate2s@facebook.com,Male,244.40.31.225
102,Regine,Cursons,rcursons2t@hhs.gov,Bigender,123.215.205.181
103,Meyer,Egleton,megleton2u@goodreads.com,Female,106.184.89.110
104,Corinne,Asmus,casmus2v@deviantart.com,Agender,64.55.113.194
105,Janelle,Sarll,jsarll2w@yahoo.co.jp,Female,107.155.72.83
106,Falito,Pithie,fpithie2x@rambler.ru,Non-binary,201.244.62.125
107,Venus,Beadel,vbeadel2y@geocities.com,Non-binary,162.191.249.226
108,Margaretha,Guillard,mguillard2z@un.org,Genderfluid,27.139.79.140
109,Valry,Dicty,vdicty30@cloudflare.com,Genderfluid,67.249.134.231
110,Kylie,Thurlby,kthurlby31@cpanel.net,Female,138.76.3.215
111,Chic,Critoph,ccritoph32@prnewswire.com,Genderfluid,244.129.245.39
112,Tiler,Diable,tdiable33@amazon.co.jp,Agender,157.45.156.168
113,Tedi,Hebble,thebble34@abc.net.au,Genderfluid,63.138.93.48
114,Kaspar,Relfe,krelfe35@dailymotion.com,Non-binary,106.56.71.65
115,Marita,Wellstood,mwellstood36@hostgator.com,Genderqueer,29.15.214.143
116,Tatiania,McAvey,tmcavey37@blog.com,Polygender,120.155.230.212
117,Bonnibelle,Hamnet,bhamnet38@last.fm,Genderfluid,131.130.30.164
118,Claire,Ricciardi,cricciardi39@histats.com,Agender,113.158.194.67
119,Vladimir,Saunton,vsaunton3a@so-net.ne.jp,Agender,44.217.40.42
120,Sheilah,Boards,sboards3b@slideshare.net,Genderqueer,173.135.221.77
121,Cirilo,Tunuy,ctunuy3c@acquirethisname.com,Polygender,6.61.94.253
122,Karrie,Chaplyn,kchaplyn3d@unc.edu,Polygender,49.81.196.16
123,Bryn,Thomassen,bthomassen3e@usda.gov,Polygender,172.120.79.136
124,Buckie,Hanrott,bhanrott3f@washingtonpost.com,Polygender,113.149.52.7
125,Florina,Gresly,fgresly3g@w3.org,Genderqueer,147.101.40.201
126,Alyss,Wright,awright3h@paypal.com,Genderfluid,16.174.174.76
127,Lynde,Joss,ljoss3i@gizmodo.com,Genderqueer,47.179.62.154
128,Berny,Poundesford,bpoundesford3j@themeforest.net,Agender,124.186.85.25
129,Lawton,Kyllford,lkyllford3k@naver.com,Polygender,232.17.153.246
130,Tripp,Currao,tcurrao3l@hatena.ne.jp,Genderqueer,182.217.239.139
131,Carline,Pearsey,cpearsey3m@cisco.com,Non-binary,39.184.147.56
132,Kimberly,Maurice,kmaurice3n@mlb.com,Male,78.223.125.149
133,Mersey,Walcar,mwalcar3o@nydailynews.com,Genderqueer,77.144.143.230
134,Farlie,Dorbin,fdorbin3p@chronoengine.com,Polygender,53.5.112.145
135,Pier,Farran,pfarran3q@e-recht24.de,Polygender,242.40.150.254
136,Armand,Maggs,amaggs3r@seattletimes.com,Agender,59.118.203.58
137,Paige,Duerden,pduerden3s@edublogs.org,Genderfluid,51.45.16.185
138,Evyn,Whittingham,ewhittingham3t@intel.com,Polygender,108.10.250.0
139,Aveline,Forsdyke,aforsdyke3u@clickbank.net,Genderqueer,3.62.86.159
140,Quinta,Girard,qgirard3v@gravatar.com,Female,3.218.39.186
141,Jennie,Jedrasik,jjedrasik3w@nsw.gov.au,Non-binary,192.245.172.68
142,Trula,Penddreth,tpenddreth3x@newsvine.com,Agender,16.65.251.236
143,Cosmo,Bawden,cbawden3y@ustream.tv,Female,164.170.244.97
144,Gale,Godon,ggodon3z@facebook.com,Polygender,83.70.26.123
145,Gaynor,Allender,gallender40@fema.gov,Female,3.96.174.95
146,Marquita,Fairchild,mfairchild41@soup.io,Bigender,229.87.211.72
147,Ulrike,Grelik,ugrelik42@liveinternet.ru,Genderqueer,110.125.1.126
148,Bessie,Brownlow,bbrownlow43@skype.com,Genderfluid,5.235.213.95
149,Lucine,Kinnard,lkinnard44@ucoz.com,Male,18.83.249.244
150,Ciel,Quirk,cquirk45@gmpg.org,Female,182.14.171.80
151,Anabelle,Lappine,alappine46@tinyurl.com,Genderfluid,73.254.65.219
152,Lissy,Orriss,lorriss47@disqus.com,Bigender,69.125.231.214
153,Cindy,Stetson,cstetson48@usa.gov,Polygender,216.135.245.8
154,Tove,Allam,tallam49@msn.com,Non-binary,16.84.196.32
155,Lucita,Elms,lelms4a@elegantthemes.com,Female,249.197.5.205
156,Hermia,Beecroft,hbeecroft4b@trellian.com,Agender,146.59.219.143
157,Ethelred,Headings,eheadings4c@yahoo.co.jp,Genderfluid,10.196.224.209
158,Kally,Grzelak,kgrzelak4d@newyorker.com,Polygender,155.167.200.90
159,Flossy,Tooting,ftooting4e@earthlink.net,Genderqueer,28.75.201.190
160,Alanah,Margrem,amargrem4f@themeforest.net,Bigender,129.53.186.62
161,Bail,Weafer,bweafer4g@msn.com,Agender,14.8.134.204
162,Roda,Ebertz,rebertz4h@cam.ac.uk,Genderqueer,185.130.14.58
163,Berty,Danson,bdanson4i@msn.com,Agender,141.54.111.226
164,Dasya,Antonin,dantonin4j@yellowpages.com,Non-binary,4.184.127.7
165,Hurlee,Van Son,hvanson4k@netvibes.com,Genderqueer,37.208.72.230
166,Tallou,Tocque,ttocque4l@dagondesign.com,Female,249.211.61.189
167,Kittie,Baybutt,kbaybutt4m@t-online.de,Genderqueer,125.0.240.140
168,Zebedee,Aubry,zaubry4n@fda.gov,Genderqueer,248.121.243.159
169,Berny,Overlow,boverlow4o@drupal.org,Female,49.212.190.24
170,Adda,Tzuker,atzuker4p@epa.gov,Agender,129.247.158.103
171,Mara,McPhelim,mmcphelim4q@usa.gov,Genderfluid,1.31.43.93
172,Dewain,Toy,dtoy4r@a8.net,Polygender,77.215.17.82
173,Iggie,Kingaby,ikingaby4s@dmoz.org,Non-binary,106.160.85.210
174,Yurik,Pinckney,ypinckney4t@latimes.com,Agender,193.224.174.113
175,Olympie,Fittall,ofittall4u@globo.com,Polygender,15.8.141.192
176,Dehlia,Zapater,dzapater4v@oakley.com,Agender,122.221.8.69
177,Hadria,Westbury,hwestbury4w@sphinn.com,Genderfluid,8.182.184.31
178,Chrystel,Baldam,cbaldam4x@photobucket.com,Male,63.73.173.41
179,Rozella,Hembling,rhembling4y@reference.com,Polygender,25.78.91.37
180,Ibbie,Hellis,ihellis4z@imdb.com,Agender,244.37.44.172
181,Fergus,Castan,fcastan50@ask.com,Genderfluid,165.28.139.113
182,Griswold,Gaffney,ggaffney51@typepad.com,Female,6.191.59.1
183,Ivan,Curbishley,icurbishley52@npr.org,Genderqueer,123.199.168.103
184,Cate,Bratty,cbratty53@cpanel.net,Genderfluid,255.223.13.21
185,Kean,Royl,kroyl54@ucla.edu,Female,37.215.135.86
186,Orsola,Cruse,ocruse55@4shared.com,Bigender,116.119.134.49
187,Skylar,Stait,sstait56@nasa.gov,Genderqueer,28.196.179.200
188,Chaddie,Drohan,cdrohan57@nsw.gov.au,Genderqueer,185.34.137.240
189,Magdalene,Cusick,mcusick58@wp.com,Male,137.9.100.167
190,Randall,Raymen,rraymen59@forbes.com,Genderfluid,40.164.188.75
191,Cole,Fahy,cfahy5a@cloudflare.com,Genderqueer,24.162.146.177
192,Jenni,Exon,jexon5b@smugmug.com,Genderfluid,188.248.21.184
193,Natalya,LeEstut,nleestut5c@hatena.ne.jp,Genderqueer,51.246.81.209
194,Kerry,Briston,kbriston5d@va.gov,Polygender,134.43.51.73
195,Muire,Bygrove,mbygrove5e@addthis.com,Bigender,200.27.143.156
196,Selina,Woodnutt,swoodnutt5f@comcast.net,Bigender,68.184.77.166
197,Blake,Spoward,bspoward5g@bizjournals.com,Male,66.78.176.250
198,Fran,Biford,fbiford5h@abc.net.au,Male,91.9.26.237
199,Barr,McGeagh,bmcgeagh5i@wikimedia.org,Non-binary,58.120.202.142
200,Nissy,Sanches,nsanches5j@dedecms.com,Female,7.112.46.201
201,Tana,Chiechio,tchiechio5k@sourceforge.net,Female,104.200.169.63
202,Shaylyn,Escale,sescale5l@latimes.com,Agender,108.98.12.206
203,Alverta,Ginnelly,aginnelly5m@yelp.com,Polygender,46.137.55.8
204,Bennie,Caulier,bcaulier5n@photobucket.com,Genderfluid,178.121.128.128
205,Nicolea,Welden,nwelden5o@vinaora.com,Male,245.202.78.181
206,Merna,Dreschler,mdreschler5p@loc.gov,Genderfluid,173.146.208.90
207,Billye,Volett,bvolett5q@shop-pro.jp,Male,141.125.168.149
208,Teriann,Trusler,ttrusler5r@privacy.gov.au,Female,142.118.181.249
209,Lance,Rock,lrock5s@google.cn,Agender,140.123.21.105
210,Anthony,Abrahmson,aabrahmson5t@weibo.com,Polygender,188.165.129.250
211,Cori,Najara,cnajara5u@ca.gov,Non-binary,6.195.150.139
212,Rikki,Haucke,rhaucke5v@kickstarter.com,Male,100.27.183.60
213,Raddie,Al Hirsi,ralhirsi5w@forbes.com,Genderfluid,54.107.126.44
214,Lefty,Fawkes,lfawkes5x@illinois.edu,Polygender,71.13.110.201
215,Aaron,Saffle,asaffle5y@google.co.jp,Genderfluid,188.151.250.63
216,Cortie,Perkin,cperkin5z@geocities.com,Female,173.39.191.120
217,Brod,Helwig,bhelwig60@indiatimes.com,Genderfluid,186.210.230.228
218,Lorenza,Denial,ldenial61@usda.gov,Genderfluid,166.253.196.247
219,Lisha,Paulet,lpaulet62@aboutads.info,Female,18.135.101.88
220,Ceil,Esler,cesler63@bloglines.com,Genderqueer,185.17.219.221
221,Rebekah,Jindrich,rjindrich64@opensource.org,Non-binary,160.126.12.118
222,Giulia,Lindelof,glindelof65@mail.ru,Genderfluid,89.209.222.201
223,Gannie,Ales0,gales66@meetup.com,Genderfluid,114.225.213.41
224,Benji,Mossbee,bmossbee67@posterous.com,Female,233.100.141.113
225,Edythe,Ridhole,eridhole68@shop-pro.jp,Male,216.92.148.171
226,Domini,Pearch,dpearch69@cafepress.com,Non-binary,143.240.251.163
227,Faye,Goodbody,fgoodbody6a@discovery.com,Female,204.157.198.106
228,Baryram,Gabe,bgabe6b@geocities.com,Agender,203.101.224.205
229,Basia,Purton,bpurton6c@gizmodo.com,Agender,67.223.141.66
230,Ansell,Lamasna,alamasna6d@gnu.org,Male,111.40.14.241
231,Zaccaria,Ortells,zortells6e@hao123.com,Genderfluid,116.222.51.239
232,Walden,Ibbs,wibbs6f@disqus.com,Genderqueer,153.27.186.28
233,Ossie,Warburton,owarburton6g@blogspot.com,Agender,119.160.74.241
234,Bird,Cain,bcain6h@t.co,Polygender,117.32.159.68
235,Jolee,Dunford,jdunford6i@ftc.gov,Female,14.90.229.245
236,Debera,Hourican,dhourican6j@mysql.com,Genderfluid,4.26.85.226
237,Ralina,Vitler,rvitler6k@tumblr.com,Bigender,200.41.230.91
238,Budd,Burnitt,bburnitt6l@uiuc.edu,Female,89.42.90.121
239,Hughie,Marchi,hmarchi6m@ucla.edu,Agender,17.21.111.162
240,Gabriell,Fishbourne,gfishbourne6n@squarespace.com,Agender,118.231.120.164
241,Terri,Bettington,tbettington6o@blogger.com,Agender,77.124.19.57
242,Emlynne,McCullough,emccullough6p@issuu.com,Genderfluid,174.29.115.148
243,Marisa,Wincom,mwincom6q@army.mil,Female,83.74.123.37
244,Lane,Cottesford,lcottesford6r@bloglines.com,Agender,137.98.18.3
245,Guinna,Wrinch,gwrinch6s@usatoday.com,Polygender,128.120.213.219
246,Vassily,Campey,vcampey6t@technorati.com,Female,248.148.209.107
247,Diego,Steggals,dsteggals6u@ezinearticles.com,Female,52.225.146.152
248,Ganny,Di Lucia,gdilucia6v@nytimes.com,Non-binary,111.9.223.3
249,Nathanael,Hiley,nhiley6w@theatlantic.com,Bigender,102.250.167.231
250,Petronia,Bedbrough,pbedbrough6x@geocities.jp,Genderqueer,162.114.88.138
251,Zola,Proswell,zproswell6y@cnn.com,Bigender,221.111.244.110
252,Manuel,Hutcheon,mhutcheon6z@symantec.com,Male,158.226.114.11
253,Torrance,De Ambrosis,tdeambrosis70@cargocollective.com,Polygender,214.56.110.25
254,Joletta,Tarver,jtarver71@ucsd.edu,Non-binary,221.52.5.30
255,Aguste,Mash,amash72@4shared.com,Male,253.137.201.211
256,Harlin,Kesey,hkesey73@networkadvertising.org,Genderqueer,101.79.140.161
257,Shaylah,Tofanini,stofanini74@hao123.com,Agender,22.95.98.72
258,Joaquin,Prujean,jprujean75@ycombinator.com,Genderqueer,113.112.208.162
259,Felicia,Mordanti,fmordanti76@about.com,Genderqueer,74.111.233.112
260,Elle,Langhor,elanghor77@woothemes.com,Genderfluid,169.213.197.117
261,Gerhard,Storrock,gstorrock78@house.gov,Female,247.41.214.78
262,Krisha,Pass,kpass79@storify.com,Polygender,56.182.106.33
263,Derrek,McColm,dmccolm7a@loc.gov,Male,177.220.114.71
264,Thane,Adams,tadams7b@elpais.com,Male,99.46.242.86
265,Galvan,Broadfoot,gbroadfoot7c@wordpress.com,Polygender,22.25.27.251
266,Adair,Robic,arobic7d@cdbaby.com,Non-binary,72.77.74.66
267,Midge,Foker,mfoker7e@google.com.hk,Genderfluid,63.102.195.194
268,Hedvige,Quilkin,hquilkin7f@ucoz.com,Polygender,140.10.180.198
269,Murvyn,Manuely,mmanuely7g@purevolume.com,Genderfluid,78.83.83.183
270,Alleyn,Proswell,aproswell7h@soundcloud.com,Non-binary,107.79.234.20
271,Darlene,Rockwill,drockwill7i@bloglines.com,Genderqueer,185.176.189.24
272,Micheal,Avrahamof,mavrahamof7j@tripod.com,Bigender,234.139.194.73
273,Lay,Athow,lathow7k@washingtonpost.com,Polygender,155.67.128.35
274,Avigdor,Lagne,alagne7l@psu.edu,Male,233.2.244.149
275,Nikolai,Charlton,ncharlton7m@qq.com,Bigender,185.170.27.226
276,Cari,Bowich,cbowich7n@lulu.com,Agender,14.192.183.165
277,Chlo,Scothorn,cscothorn7o@is.gd,Genderqueer,95.243.106.175
278,Berkeley,Hickin,bhickin7p@ft.com,Agender,124.226.154.12
279,Nowell,Kempstone,nkempstone7q@walmart.com,Female,42.184.129.129
280,Harrie,Salery,hsalery7r@upenn.edu,Non-binary,150.46.82.171
281,Margit,Briddock,mbriddock7s@princeton.edu,Agender,58.161.196.218
282,Aurea,Christley,achristley7t@rediff.com,Male,198.218.197.91
283,Natalee,Perrigo,nperrigo7u@alibaba.com,Agender,50.59.152.101
284,Donnie,Hovey,dhovey7v@qq.com,Genderqueer,94.18.193.50
285,Merrily,Aldis,maldis7w@imageshack.us,Genderqueer,113.211.72.241
286,Umberto,Moreside,umoreside7x@opera.com,Bigender,153.133.138.117
287,Astra,Ricard,aricard7y@omniture.com,Non-binary,240.130.193.103
288,Lorie,Dmitrichenko,ldmitrichenko7z@dmoz.org,Male,114.158.248.237
289,Bogey,Cunney,bcunney80@spotify.com,Agender,95.205.90.150
290,Veronica,Lints,vlints81@amazon.co.uk,Agender,166.203.78.214
291,Matty,Settle,msettle82@ebay.com,Bigender,14.93.91.10
292,Eba,Ferreli,eferreli83@mlb.com,Agender,146.201.46.102
293,Marten,Slaughter,mslaughter84@geocities.com,Genderqueer,205.95.174.159
294,Hettie,Limer,hlimer85@instagram.com,Non-binary,75.131.205.163
295,Delmor,Doughtery,ddoughtery86@bing.com,Female,32.13.186.225
296,Karina,Luc,kluc87@cisco.com,Genderqueer,92.172.54.99
297,Delcina,Hartshorn,dhartshorn88@imageshack.us,Genderfluid,91.117.231.78
298,Liza,Ebbitt,lebbitt89@about.me,Female,40.46.218.153
299,Daune,Warboy,dwarboy8a@tripadvisor.com,Agender,9.105.204.239
300,Lani,Hawley,lhawley8b@wordpress.com,Non-binary,159.159.132.160
301,Dani,Warnes,dwarnes8c@craigslist.org,Genderqueer,92.3.230.231
302,Noreen,Ingarfield,ningarfield8d@mail.ru,Non-binary,172.154.105.239
303,Udell,Alyokhin,ualyokhin8e@google.ru,Agender,221.113.137.16
304,Marissa,Phillput,mphillput8f@addtoany.com,Agender,85.142.207.11
305,Benson,Dominick,bdominick8g@youtube.com,Female,11.105.62.97
306,Ingram,Morden,imorden8h@usgs.gov,Genderqueer,163.77.110.109
307,Bennie,Leiden,bleiden8i@skyrock.com,Genderfluid,134.242.228.249
308,Lorelle,Dewicke,ldewicke8j@yellowpages.com,Bigender,40.227.222.229
309,Oates,Bettinson,obettinson8k@bandcamp.com,Genderqueer,184.100.167.201
310,Briggs,Huitt,bhuitt8l@wired.com,Agender,103.170.130.253
311,Solomon,Priddy,spriddy8m@bbc.co.uk,Female,144.238.202.216
312,Donall,Greim,dgreim8n@aol.com,Bigender,58.200.215.148
313,Carmen,Sketchley,csketchley8o@gmpg.org,Agender,183.177.230.130
314,Son,Brazer,sbrazer8p@opensource.org,Non-binary,76.205.168.40
315,Adrien,Hendricks,ahendricks8q@newyorker.com,Female,120.137.114.134
316,Julissa,Rumming,jrumming8r@bloglovin.com,Genderfluid,16.20.211.166
317,Leese,Polglase,lpolglase8s@wiley.com,Male,188.44.168.76
318,Jeanelle,Mouncher,jmouncher8t@guardian.co.uk,Male,94.19.214.125
319,Debbie,Siviter,dsiviter8u@meetup.com,Male,132.104.129.136
320,Neville,Povall,npovall8v@51.la,Polygender,90.69.8.7
321,Mariel,Malt,mmalt8w@bravesites.com,Male,43.116.100.77
322,Willis,Braybrooke,wbraybrooke8x@ox.ac.uk,Male,4.187.229.221
323,Serene,Zink,szink8y@moonfruit.com,Polygender,119.48.105.237
324,Koren,Judgkins,kjudgkins8z@howstuffworks.com,Genderfluid,249.20.190.51
325,Sigismund,Milbourn,smilbourn90@mysql.com,Female,253.6.220.136
326,Guenevere,Yakov,gyakov91@google.ca,Male,43.105.200.158
327,Gennifer,Godspeede,ggodspeede92@multiply.com,Female,138.245.67.13
328,Shena,Kobpal,skobpal93@utexas.edu,Male,186.172.85.98
329,Tobias,Whyborn,twhyborn94@live.com,Genderqueer,132.235.246.124
330,Tobiah,Eaken,teaken95@cbsnews.com,Genderfluid,6.238.206.218
331,Liana,Vennings,lvennings96@wufoo.com,Genderqueer,32.254.138.215
332,Garrard,Ramsdale,gramsdale97@illinois.edu,Genderqueer,186.245.165.200
333,Berti,Layfield,blayfield98@ovh.net,Agender,169.239.60.128
334,Heidie,Jillins,hjillins99@bbb.org,Non-binary,214.188.29.187
335,Yanaton,Pugsley,ypugsley9a@msn.com,Polygender,66.153.209.175
336,Moreen,Blann,mblann9b@wordpress.com,Genderqueer,70.55.51.251
337,Jeane,Guiu,jguiu9c@tumblr.com,Bigender,151.149.164.3
338,Gilbertine,Corkhill,gcorkhill9d@surveymonkey.com,Bigender,17.140.51.164
339,Indira,Dimanche,idimanche9e@ow.ly,Female,87.139.158.11
340,Camellia,Martine,cmartine9f@fc2.com,Polygender,76.16.173.56
341,Binny,Donnersberg,bdonnersberg9g@auda.org.au,Bigender,63.164.43.49
342,Beret,Goodfield,bgoodfield9h@sbwire.com,Male,144.179.111.30
343,Cora,Syddall,csyddall9i@tiny.cc,Non-binary,255.208.9.22
344,Inigo,Kirsch,ikirsch9j@artisteer.com,Agender,230.16.148.191
345,Maryellen,Gjerde,mgjerde9k@mail.ru,Bigender,136.187.145.35
346,Aleen,Jeness,ajeness9l@state.tx.us,Polygender,39.59.114.36
347,Gratiana,Plett,gplett9m@webmd.com,Agender,115.99.240.45
348,Ana,Bewley,abewley9n@chronoengine.com,Female,12.54.66.32
349,Tyrus,Ringe,tringe9o@mapquest.com,Agender,97.154.36.191
350,Sissie,Schimank,sschimank9p@google.ca,Polygender,183.57.224.60
351,Ellie,Wilcott,ewilcott9q@yellowbook.com,Agender,207.142.63.51
352,Caitrin,Rosenblatt,crosenblatt9r@google.nl,Polygender,85.29.153.104
353,Silvester,Fowle,sfowle9s@blogger.com,Bigender,45.152.120.193
354,Rosene,Dwelling,rdwelling9t@kickstarter.com,Non-binary,126.161.233.70
355,Dagny,Keuneke,dkeuneke9u@opensource.org,Genderqueer,24.162.144.87
356,Camille,Gettone,cgettone9v@cbc.ca,Non-binary,103.27.218.127
357,Bradford,Mathis,bmathis9w@blogtalkradio.com,Male,164.252.210.52
358,Corie,Kondratyuk,ckondratyuk9x@wikia.com,Polygender,242.231.151.237
359,Kenon,Tomaschke,ktomaschke9y@cyberchimps.com,Polygender,83.181.173.9
360,Opalina,Sillis,osillis9z@opera.com,Female,141.149.115.4
361,Kriste,Trittam,ktrittama0@independent.co.uk,Bigender,195.123.237.212
362,Alene,Tallet,atalleta1@thetimes.co.uk,Non-binary,103.114.196.180
363,Brook,MacElholm,bmacelholma2@sina.com.cn,Genderfluid,210.2.199.39
364,Adina,McClosh,amcclosha3@t-online.de,Bigender,247.160.231.103
365,Steward,Terrelly,sterrellya4@vk.com,Bigender,168.202.61.118
366,Lyndell,Ranby,lranbya5@1688.com,Polygender,143.70.150.92
367,Elihu,Hubane,ehubanea6@oaic.gov.au,Agender,92.132.176.178
368,Silvana,Tousy,stousya7@parallels.com,Non-binary,213.9.187.3
369,Walker,Mainds,wmaindsa8@spiegel.de,Female,180.71.208.106
370,Cooper,Proven,cprovena9@w3.org,Genderfluid,52.184.50.77
371,Monika,Bobasch,mbobaschaa@unblog.fr,Genderfluid,41.13.37.239
372,Darn,Gratland,dgratlandab@yelp.com,Non-binary,253.98.187.124
373,Florina,Antoniewicz,fantoniewiczac@discovery.com,Genderfluid,124.179.26.225
374,Adolphe,Upham,auphamad@nsw.gov.au,Polygender,147.103.232.134
375,Krishna,Ruvel,kruvelae@businessinsider.com,Male,125.216.62.73
376,Josi,Carlick,jcarlickaf@apple.com,Non-binary,242.146.67.252
377,Ardella,Geach,ageachag@sun.com,Polygender,228.180.233.176
378,Salem,Laboune,slabouneah@hugedomains.com,Non-binary,164.182.61.214
379,Alfie,Hacket,ahacketai@scribd.com,Male,191.198.162.19
380,Karlotta,McKie,kmckieaj@springer.com,Bigender,81.93.243.48
381,Auria,Beurich,abeurichak@wunderground.com,Female,21.247.102.91
382,Rebecca,Hayford,rhayfordal@is.gd,Female,61.249.72.247
383,Leonhard,Yakushkev,lyakushkevam@meetup.com,Polygender,234.209.80.30
384,Cordey,Arundell,carundellan@spotify.com,Agender,167.221.156.199
385,Lil,Davidwitz,ldavidwitzao@miitbeian.gov.cn,Female,107.250.99.227
386,Hulda,Horder,hhorderap@phoca.cz,Non-binary,22.103.171.198
387,Ferdy,Kettlestringes,fkettlestringesaq@over-blog.com,Genderfluid,116.218.185.220
388,Bran,Abbey,babbeyar@sohu.com,Genderqueer,192.38.77.179
389,Oona,Harget,ohargetas@bizjournals.com,Non-binary,65.140.180.184
390,Eric,Spancock,espancockat@earthlink.net,Genderfluid,157.122.186.79
391,Dorothee,Joynt,djoyntau@state.gov,Non-binary,21.62.27.153
392,Libbey,Aspenlon,laspenlonav@psu.edu,Agender,121.111.106.104
393,Krystle,Halliday,khallidayaw@bloglovin.com,Male,209.189.35.74
394,Wilden,Olivetti,wolivettiax@slate.com,Male,19.5.17.179
395,Chan,Spata,cspataay@instagram.com,Non-binary,2.83.216.182
396,Sheffield,Nealey,snealeyaz@oakley.com,Non-binary,124.197.205.22
397,Karlotte,De Beauchamp,kdebeauchampb0@census.gov,Polygender,141.106.208.221
398,Caesar,Pinock,cpinockb1@fema.gov,Polygender,231.102.187.122
399,Amerigo,Buttriss,abuttrissb2@tmall.com,Non-binary,30.201.22.37
400,Pierre,Kas,pkasb3@nyu.edu,Male,168.22.108.135
401,Antony,Spatarul,aspatarulb4@cnbc.com,Agender,110.155.167.73
402,Gasper,Titheridge,gtitheridgeb5@instagram.com,Bigender,16.134.110.76
403,Clayton,Graber,cgraberb6@acquirethisname.com,Non-binary,93.241.179.164
404,Teodoro,Simonson,tsimonsonb7@google.pl,Bigender,168.180.31.95
405,Nari,Weben,nwebenb8@newyorker.com,Agender,69.4.213.254
406,Virgie,Esh,veshb9@google.com.au,Polygender,205.216.216.103
407,Murray,Billanie,mbillanieba@blinklist.com,Genderqueer,79.163.223.6
408,Con,Erington,ceringtonbb@istockphoto.com,Polygender,143.208.124.204
409,Emlen,Drife,edrifebc@cnbc.com,Genderfluid,70.43.166.148
410,Aloisia,Van der Spohr,avanderspohrbd@infoseek.co.jp,Non-binary,169.30.165.98
411,Yorgos,Anton,yantonbe@wp.com,Male,185.118.198.37
412,Gery,Absolem,gabsolembf@wordpress.org,Polygender,31.29.1.186
413,Wynne,Grunbaum,wgrunbaumbg@sohu.com,Bigender,74.170.51.131
414,Stefanie,Broadhurst,sbroadhurstbh@answers.com,Agender,207.240.31.15
415,Wait,Rickard,wrickardbi@netvibes.com,Genderqueer,142.117.155.199
416,Venita,Jarad,vjaradbj@census.gov,Female,117.11.102.139
417,Kaitlynn,Sollon,ksollonbk@bbb.org,Genderqueer,180.149.246.198
418,Nickolas,Dikles,ndiklesbl@eepurl.com,Genderqueer,237.96.135.166
419,Neall,O'Brogane,nobroganebm@tmall.com,Female,141.215.195.37
420,Montague,Quarless,mquarlessbn@networkadvertising.org,Genderfluid,22.149.199.165
421,Perri,Sketh,pskethbo@samsung.com,Polygender,44.213.116.47
422,Marla,Panter,mpanterbp@ebay.com,Genderqueer,81.96.40.74
423,Linn,Dummer,ldummerbq@123-reg.co.uk,Male,98.201.240.115
424,Darryl,Madgewick,dmadgewickbr@imageshack.us,Male,140.232.69.28
425,Eleonore,Human,ehumanbs@shinystat.com,Male,168.177.239.108
426,Warren,Reely,wreelybt@shutterfly.com,Female,54.229.165.22
427,Dorice,Emblow,demblowbu@bizjournals.com,Female,92.226.84.133
428,Eolande,Perillo,eperillobv@csmonitor.com,Bigender,183.19.31.88
429,Debee,Forman,dformanbw@theguardian.com,Genderfluid,187.149.51.179
430,Hastie,Schottli,hschottlibx@newsvine.com,Genderqueer,116.205.228.5
431,Bobina,McAlpin,bmcalpinby@nasa.gov,Genderfluid,89.140.39.75
432,Chaddie,Andover,candoverbz@hatena.ne.jp,Genderqueer,85.53.111.22
433,Katrina,Purvess,kpurvessc0@fotki.com,Agender,238.187.92.40
434,Jackquelin,Stearndale,jstearndalec1@springer.com,Bigender,58.144.245.58
435,Olia,D'Aguanno,odaguannoc2@wikispaces.com,Genderfluid,235.170.55.56
436,Rodolphe,Douche,rdouchec3@blinklist.com,Non-binary,13.81.7.36
437,Gayler,Bramah,gbramahc4@gnu.org,Genderfluid,23.41.219.19
438,Palm,McMillian,pmcmillianc5@npr.org,Male,253.94.29.199
439,Erinn,Latham,elathamc6@free.fr,Polygender,23.202.239.22
440,Eldin,Lambert,elambertc7@symantec.com,Polygender,39.194.158.241
441,Nikita,Broadbury,nbroadburyc8@flickr.com,Polygender,49.6.70.77
442,Isa,Massingberd,imassingberdc9@cocolog-nifty.com,Genderqueer,67.138.188.24
443,Sallie,Derwin,sderwinca@comcast.net,Bigender,84.221.227.132
444,Candie,Commander,ccommandercb@goodreads.com,Female,50.20.123.70
445,Farrand,Juleff,fjuleffcc@dell.com,Agender,177.106.60.101
446,Amye,Auton,aautoncd@google.com.au,Genderfluid,119.246.125.150
447,Ardenia,Jenton,ajentonce@uiuc.edu,Male,139.23.243.89
448,Arel,McLeary,amclearycf@cyberchimps.com,Female,12.216.240.162
449,Orly,Cardo,ocardocg@hibu.com,Non-binary,173.48.212.6
450,Ingram,Sooper,isooperch@zimbio.com,Female,68.24.185.113
451,Idette,Fairbourn,ifairbournci@google.it,Female,35.159.10.59
452,Jessey,Diperaus,jdiperauscj@businessinsider.com,Non-binary,51.172.249.46
453,Myrta,Mallabon,mmallabonck@bbb.org,Genderqueer,69.174.66.69
454,Vincent,D'Antoni,vdantonicl@unicef.org,Agender,166.165.199.7
455,Chantalle,Frawley,cfrawleycm@elegantthemes.com,Female,145.96.183.86
456,Donica,Templeman,dtemplemancn@typepad.com,Female,181.187.22.84
457,Dora,Stedson,dstedsonco@gov.uk,Male,165.41.96.0
458,Marigold,Finding,mfindingcp@pagesperso-orange.fr,Male,13.187.179.18
459,Xylina,Penswick,xpenswickcq@phpbb.com,Bigender,116.143.140.15
460,Tandi,Crosoer,tcrosoercr@usa.gov,Non-binary,86.159.160.23
461,Sigvard,Mulrooney,smulrooneycs@comcast.net,Polygender,21.124.211.224
462,Meade,Longson,mlongsonct@archive.org,Genderfluid,25.234.213.111
463,Arlette,Lonsdale,alonsdalecu@cmu.edu,Genderqueer,55.74.208.87
464,Rupert,Kenton,rkentoncv@de.vu,Female,126.150.21.71
465,Ronny,Twining,rtwiningcw@google.es,Male,167.143.151.58
466,Nap,Delwater,ndelwatercx@gravatar.com,Genderfluid,79.49.182.12
467,Cletus,Boustead,cbousteadcy@exblog.jp,Polygender,113.241.246.118
468,Caresse,Tizard,ctizardcz@blinklist.com,Bigender,247.3.246.93
469,Callie,Jamary,cjamaryd0@pagesperso-orange.fr,Genderfluid,92.115.227.99
470,Win,Dales,wdalesd1@usa.gov,Female,28.35.200.73
471,Ethel,Gosson,egossond2@sun.com,Polygender,112.152.140.212
472,Haslett,Warre,hwarred3@51.la,Genderqueer,51.37.208.251
473,Gena,Hawe,ghawed4@va.gov,Female,131.240.1.49
474,Gerry,Cowdery,gcowderyd5@geocities.jp,Genderfluid,100.139.7.192
475,Vale,Greeves,vgreevesd6@deliciousdays.com,Female,134.146.106.225
476,Hortensia,Cutting,hcuttingd7@about.me,Genderqueer,228.156.129.183
477,Devin,Sturror,dsturrord8@devhub.com,Genderqueer,255.108.161.239
478,Arliene,Perring,aperringd9@yelp.com,Genderfluid,143.129.243.39
479,Rey,Roja,rrojada@zimbio.com,Genderqueer,76.44.84.201
480,Rowney,Richfield,rrichfielddb@mit.edu,Polygender,181.186.104.208
481,Manny,Tolputt,mtolputtdc@ucoz.com,Female,122.63.181.8
482,Evin,Pimme,epimmedd@wordpress.com,Polygender,40.219.191.32
483,Roseanne,Forestall,rforestallde@cnbc.com,Female,3.64.130.245
484,Christi,Duell,cduelldf@blogs.com,Genderqueer,146.184.215.4
485,Karlee,Blayd,kblayddg@auda.org.au,Genderqueer,140.213.80.248
486,Wernher,Priscott,wpriscottdh@umn.edu,Non-binary,226.67.167.65
487,Travus,Kopisch,tkopischdi@example.com,Bigender,164.160.169.106
488,Aaren,Lunney,alunneydj@arizona.edu,Agender,149.7.23.1
489,Johnna,Pimmocke,jpimmockedk@multiply.com,Female,243.193.174.57
490,Corbet,Totaro,ctotarodl@furl.net,Genderqueer,101.108.43.89
491,Nickola,Aylott,naylottdm@japanpost.jp,Male,1.8.169.167
492,Petronille,Duckels,pduckelsdn@google.de,Genderqueer,132.192.140.211
493,Alexine,Langmaid,alangmaiddo@who.int,Bigender,9.49.65.147
494,Damian,Slad,dsladdp@live.com,Agender,246.176.100.223
495,Rikki,Udie,rudiedq@barnesandnoble.com,Polygender,63.13.218.138
496,Xenia,Tilliards,xtilliardsdr@merriam-webster.com,Non-binary,55.68.102.178
497,Kliment,Radke,kradkeds@dell.com,Genderqueer,69.123.41.201
498,Chrisy,McNamee,cmcnameedt@cocolog-nifty.com,Male,34.216.71.61
499,Grover,Salvadori,gsalvadoridu@dailymotion.com,Non-binary,40.70.138.158
500,Tim,O'Griffin,togriffindv@jiathis.com,Bigender,131.124.200.211
501,Hart,De Clairmont,hdeclairmontdw@miibeian.gov.cn,Genderqueer,68.172.227.177
502,Nikolos,Couve,ncouvedx@dyndns.org,Agender,146.53.251.53
503,Clea,Tincknell,ctincknelldy@reference.com,Non-binary,133.239.159.138
504,Larisa,Bosworth,lbosworthdz@ycombinator.com,Genderfluid,45.112.82.254
505,Tedda,Banck,tbancke0@uol.com.br,Agender,71.123.108.7
506,Ruben,Juste,rjustee1@xing.com,Genderqueer,167.177.131.134
507,Allegra,Ipplett,aipplette2@businessweek.com,Bigender,176.20.138.220
508,Lawton,Meegan,lmeegane3@liveinternet.ru,Male,157.202.79.240
509,Adams,Enrico,aenricoe4@e-recht24.de,Genderfluid,232.191.72.86
510,Wenda,Trahar,wtrahare5@amazon.co.jp,Female,214.162.179.214
511,Forester,Tomczak,ftomczake6@constantcontact.com,Agender,86.106.70.113
512,Othella,Coult,ocoulte7@seattletimes.com,Female,214.43.13.126
513,Charin,Snape,csnapee8@washingtonpost.com,Non-binary,70.210.46.9
514,Arte,Ruppeli,aruppelie9@wunderground.com,Agender,63.201.28.57
515,Karen,Le Brum,klebrumea@nifty.com,Female,239.65.104.23
516,Cecil,Bortolazzi,cbortolazzieb@sciencedirect.com,Non-binary,138.225.233.75
517,Daphne,Wooton,dwootonec@xinhuanet.com,Polygender,247.118.99.246
518,Rab,Kitney,rkitneyed@digg.com,Genderqueer,197.5.218.54
519,Sharlene,Walles,swallesee@wix.com,Genderfluid,223.42.197.170
520,Elyn,Hewertson,ehewertsonef@jigsy.com,Agender,191.153.249.210
521,Lina,Storr,lstorreg@360.cn,Genderqueer,196.252.238.93
522,Ezmeralda,Glanders,eglanderseh@baidu.com,Bigender,46.149.126.196
523,Demeter,Roobottom,droobottomei@naver.com,Agender,207.199.18.128
524,Jasper,Forrestor,jforrestorej@usgs.gov,Non-binary,197.94.20.134
525,Gilberta,Scudamore,gscudamoreek@techcrunch.com,Bigender,153.179.207.215
526,Allie,Bathoe,abathoeel@behance.net,Agender,55.30.252.145
527,Kalli,Nyland,knylandem@hao123.com,Male,226.233.19.255
528,Con,Heistermann,cheistermannen@nytimes.com,Bigender,85.130.88.195
529,Jamey,Winsiowiecki,jwinsiowieckieo@unicef.org,Genderfluid,125.197.41.17
530,Lenette,Uppett,luppettep@comsenz.com,Polygender,110.180.221.82
531,Madel,Dunstone,mdunstoneeq@biglobe.ne.jp,Female,148.164.206.120
532,Lyssa,Gipson,lgipsoner@ezinearticles.com,Genderqueer,26.248.47.158
533,Haven,Compson,hcompsones@istockphoto.com,Non-binary,20.45.108.22
534,Kendell,Myott,kmyottet@walmart.com,Polygender,243.1.140.137
535,Hercules,Masden,hmasdeneu@squarespace.com,Male,38.197.97.165
536,Sophey,Bridgnell,sbridgnellev@flickr.com,Polygender,54.106.203.29
537,Kathie,Courtonne,kcourtonneew@biglobe.ne.jp,Non-binary,182.58.81.87
538,Doloritas,Dore,ddoreex@stanford.edu,Polygender,138.16.187.116
539,Delcine,Manoelli,dmanoelliey@cbslocal.com,Polygender,89.55.28.180
540,Del,Wildash,dwildashez@surveymonkey.com,Genderfluid,39.38.207.96
541,Kane,Lehrian,klehrianf0@typepad.com,Bigender,34.159.245.124
542,Araldo,Winkworth,awinkworthf1@sakura.ne.jp,Bigender,252.1.50.181
543,Dell,Kleinberer,dkleinbererf2@123-reg.co.uk,Non-binary,203.73.58.37
544,Quill,Petri,qpetrif3@discovery.com,Bigender,48.129.151.125
545,Anabella,Pretti,aprettif4@hugedomains.com,Female,207.46.21.188
546,Midge,Vankov,mvankovf5@dailymotion.com,Genderqueer,80.196.76.36
547,Gabi,Hanington,ghaningtonf6@xing.com,Non-binary,36.113.164.22
548,Bria,Currey,bcurreyf7@businessinsider.com,Genderfluid,2.91.251.13
549,Klement,Giraudy,kgiraudyf8@google.ca,Female,79.29.176.31
550,Hedvig,Rolph,hrolphf9@rakuten.co.jp,Male,185.98.40.253
551,Mersey,Jozefczak,mjozefczakfa@nps.gov,Polygender,58.41.66.49
552,Kevin,Manicom,kmanicomfb@ucoz.ru,Non-binary,100.202.210.5
553,Brandtr,Gierek,bgierekfc@sohu.com,Polygender,251.253.63.156
554,Pamelina,Cullabine,pcullabinefd@purevolume.com,Genderfluid,212.42.165.59
555,Toma,Petre,tpetrefe@freewebs.com,Agender,188.20.99.77
556,Augustine,Rosengart,arosengartff@google.pl,Female,38.230.210.203
557,Deeann,Longmaid,dlongmaidfg@bing.com,Agender,190.34.64.206
558,Kalinda,Leavesley,kleavesleyfh@usda.gov,Agender,238.227.255.72
559,Jose,Joannet,jjoannetfi@mediafire.com,Bigender,250.14.18.203
560,Averil,Mussolini,amussolinifj@washingtonpost.com,Bigender,210.80.50.233
561,Amalee,Graves,agravesfk@baidu.com,Bigender,39.253.53.45
562,Hyatt,Barczewski,hbarczewskifl@moonfruit.com,Male,83.219.154.107
563,Ira,Fleay,ifleayfm@webs.com,Genderfluid,195.143.67.219
564,Ashley,Garaghan,agaraghanfn@studiopress.com,Polygender,100.206.183.153
565,Kale,Weippert,kweippertfo@smugmug.com,Genderfluid,16.42.241.111
566,Juditha,Thornham,jthornhamfp@elpais.com,Female,198.222.236.196
567,Adelina,Insko,ainskofq@mac.com,Polygender,212.210.116.253
568,Jayme,Afonso,jafonsofr@tumblr.com,Bigender,12.82.99.123
569,Flore,Ellingworth,fellingworthfs@wsj.com,Bigender,77.31.249.231
570,Rockwell,Driussi,rdriussift@mtv.com,Genderfluid,205.69.195.20
571,Jacklyn,Bras,jbrasfu@forbes.com,Non-binary,95.122.71.35
572,Graig,Cluney,gcluneyfv@wisc.edu,Female,27.134.52.191
573,Robinett,Levis,rlevisfw@eepurl.com,Agender,102.86.154.62
574,Lanny,Hubball,lhubballfx@prnewswire.com,Genderqueer,233.46.97.188
575,Sheeree,Orbell,sorbellfy@foxnews.com,Male,93.32.39.32
576,Gertrudis,Symms,gsymmsfz@slashdot.org,Genderfluid,163.47.170.230
577,Ginni,Denyagin,gdenyaging0@mapquest.com,Polygender,255.142.61.103
578,Ed,Christofol,echristofolg1@symantec.com,Polygender,18.46.135.219
579,Nadia,Arro,narrog2@trellian.com,Male,57.172.99.210
580,Lulita,Eller,lellerg3@engadget.com,Bigender,120.203.53.18
581,Micheil,Blaxlande,mblaxlandeg4@geocities.jp,Genderqueer,165.248.100.81
582,Marietta,Braddock,mbraddockg5@illinois.edu,Agender,146.152.187.133
583,Skippie,Clemitt,sclemittg6@godaddy.com,Female,169.151.195.188
584,Ethelbert,Enderlein,eenderleing7@economist.com,Female,242.163.48.214
585,Hubie,Limer,hlimerg8@chron.com,Genderqueer,227.0.213.148
586,Cleo,Runham,crunhamg9@infoseek.co.jp,Polygender,7.65.234.147
587,Tuckie,Martignon,tmartignonga@deviantart.com,Bigender,247.183.92.133
588,Melodie,Malinson,mmalinsongb@amazon.co.jp,Agender,226.55.192.50
589,Vance,Waring,vwaringgc@baidu.com,Polygender,193.95.31.60
590,Wendel,Carrier,wcarriergd@uiuc.edu,Genderfluid,249.40.187.16
591,Ava,Thaxter,athaxterge@tmall.com,Female,89.170.55.80
592,Kendal,Carlet,kcarletgf@youku.com,Agender,38.27.89.221
593,Fernande,Stothart,fstothartgg@myspace.com,Polygender,88.131.55.8
594,Roshelle,Corcut,rcorcutgh@china.com.cn,Bigender,239.60.141.153
595,Zebulen,Hardbattle,zhardbattlegi@ehow.com,Polygender,41.64.178.239
596,Barr,Cearley,bcearleygj@godaddy.com,Male,31.150.74.104
597,Caddric,Fawcitt,cfawcittgk@domainmarket.com,Non-binary,29.228.91.246
598,Clarabelle,Faircloth,cfairclothgl@nydailynews.com,Non-binary,80.173.9.206
599,Valentijn,Tipperton,vtippertongm@unblog.fr,Female,84.23.175.196
600,Morissa,Jachimiak,mjachimiakgn@cnet.com,Female,160.145.60.25
601,Sileas,Gheeraert,sgheeraertgo@odnoklassniki.ru,Male,48.212.47.11
602,Vina,Apperley,vapperleygp@blogtalkradio.com,Male,171.95.28.69
603,Helen-elizabeth,Croome,hcroomegq@yellowpages.com,Genderqueer,210.153.254.10
604,Cristabel,Dessent,cdessentgr@youku.com,Polygender,192.14.223.160
605,Rosita,Jagels,rjagelsgs@networksolutions.com,Genderqueer,37.66.145.101
606,Roxane,Watton,rwattongt@slate.com,Agender,15.110.42.67
607,Jerrie,Sambrok,jsambrokgu@ustream.tv,Agender,208.203.167.23
608,Anthe,Robson,arobsongv@github.io,Bigender,13.215.98.239
609,Georges,Flemyng,gflemynggw@imdb.com,Female,48.163.38.138
610,Rowen,Koche,rkochegx@biglobe.ne.jp,Non-binary,88.65.105.15
611,Butch,Oakhill,boakhillgy@flickr.com,Agender,38.81.64.230
612,Trudy,Fosher,tfoshergz@linkedin.com,Genderfluid,206.98.24.156
613,Melany,Gaunson,mgaunsonh0@umich.edu,Bigender,200.133.118.197
614,Bjorn,Antushev,bantushevh1@people.com.cn,Female,132.230.240.65
615,Merrie,Woollard,mwoollardh2@flavors.me,Agender,143.149.169.154
616,Rance,Pretious,rpretioush3@tinypic.com,Non-binary,130.223.72.2
617,Tadd,Moorey,tmooreyh4@twitter.com,Non-binary,172.119.208.133
618,Genovera,Summerside,gsummersideh5@epa.gov,Agender,171.66.56.186
619,Marlane,Benting,mbentingh6@hud.gov,Bigender,167.61.3.54
620,Norry,Lapthorn,nlapthornh7@ovh.net,Genderfluid,15.98.32.138
621,Rayshell,Darnborough,rdarnboroughh8@bluehost.com,Genderfluid,11.135.134.96
622,Carolin,Colliver,ccolliverh9@oracle.com,Non-binary,32.70.140.20
623,Robby,Whyborne,rwhyborneha@booking.com,Genderqueer,255.221.128.64
624,Albertina,Menego,amenegohb@auda.org.au,Male,4.223.10.241
625,Domenic,Phidgin,dphidginhc@dmoz.org,Genderqueer,194.132.156.57
626,Noreen,Finn,nfinnhd@ihg.com,Agender,81.37.225.71
627,Dex,Mansel,dmanselhe@icq.com,Agender,50.170.70.188
628,Terrell,Defraine,tdefrainehf@ca.gov,Polygender,123.34.66.128
629,Alyda,Casolla,acasollahg@reverbnation.com,Polygender,77.72.149.142
630,Cammy,MacKee,cmackeehh@addthis.com,Bigender,94.223.42.248
631,Lulu,Lansly,llanslyhi@yolasite.com,Bigender,42.157.2.105
632,Sapphira,Pibsworth,spibsworthhj@yolasite.com,Bigender,255.199.161.121
633,Rutherford,Bennie,rbenniehk@skype.com,Polygender,98.180.91.115
634,Steven,Drew-Clifton,sdrewcliftonhl@abc.net.au,Bigender,55.38.146.26
635,Zared,Flitcroft,zflitcrofthm@psu.edu,Genderqueer,229.0.65.110
636,Dinah,Ferrer,dferrerhn@go.com,Polygender,65.185.186.67
637,Penni,Davidde,pdaviddeho@apache.org,Agender,222.177.90.138
638,Leslie,Bytheway,lbythewayhp@nytimes.com,Non-binary,42.30.209.70
639,Stephannie,Greenside,sgreensidehq@ca.gov,Bigender,122.4.207.116
640,Parrnell,Winmill,pwinmillhr@nydailynews.com,Genderfluid,202.138.88.196
641,Shelby,Capsey,scapseyhs@upenn.edu,Genderqueer,74.246.76.8
642,Jimmie,Skala,jskalaht@bbc.co.uk,Female,160.41.135.209
643,Andy,Newark,anewarkhu@amazon.de,Genderfluid,130.13.115.182
644,Daniella,Willbourne,dwillbournehv@lycos.com,Genderqueer,192.146.35.160
645,Ham,Joris,hjorishw@nytimes.com,Polygender,8.50.218.109
646,Shannan,Gwilliam,sgwilliamhx@ted.com,Agender,103.20.225.228
647,Kelcie,Kesby,kkesbyhy@jigsy.com,Male,213.62.223.23
648,Sean,Bertl,sbertlhz@loc.gov,Female,45.37.246.119
649,Carlie,Bruck,cbrucki0@army.mil,Genderfluid,174.122.210.82
650,Benni,Giorgione,bgiorgionei1@studiopress.com,Genderqueer,77.37.144.245
651,Yettie,Beniesh,ybenieshi2@shinystat.com,Agender,122.99.89.121
652,Hailee,Cheavin,hcheavini3@hud.gov,Female,71.119.75.10
653,Dorey,Isgate,disgatei4@umn.edu,Genderfluid,176.101.71.116
654,Bryanty,Deabill,bdeabilli5@geocities.com,Male,226.253.132.255
655,Rudd,Fautley,rfautleyi6@newyorker.com,Agender,213.244.209.187
656,Kizzie,Hulburt,khulburti7@behance.net,Polygender,33.24.33.96
657,Diann,Haukey,dhaukeyi8@hubpages.com,Genderqueer,230.254.245.225
658,Muffin,Tharme,mtharmei9@people.com.cn,Genderqueer,13.59.85.70
659,Ring,Minear,rminearia@europa.eu,Genderqueer,153.65.223.25
660,Lilias,Clampton,lclamptonib@tmall.com,Female,169.181.211.126
661,Giralda,Bezzant,gbezzantic@xing.com,Male,57.19.31.81
662,Nicolai,Henzley,nhenzleyid@epa.gov,Genderqueer,21.215.116.42
663,Edythe,Antony,eantonyie@cam.ac.uk,Female,217.202.11.193
664,Ty,Innot,tinnotif@ft.com,Genderfluid,162.20.72.250
665,Ade,Suttill,asuttillig@cpanel.net,Polygender,133.71.49.38
666,Ellary,Collacombe,ecollacombeih@intel.com,Polygender,161.129.17.158
667,Nevsa,Bernasek,nbernasekii@live.com,Male,215.117.220.94
668,Kara,Frangello,kfrangelloij@bravesites.com,Female,147.2.239.212
669,Melosa,Calafate,mcalafateik@alexa.com,Female,88.252.59.213
670,Carley,Norbury,cnorburyil@addthis.com,Bigender,0.80.47.32
671,Ingrid,Rimington,irimingtonim@1688.com,Male,16.238.207.51
672,Dawna,Lytlle,dlytllein@miibeian.gov.cn,Male,143.254.231.222
673,Hilliard,Pannaman,hpannamanio@barnesandnoble.com,Agender,17.124.100.101
674,Tiebold,Cottill,tcottillip@eepurl.com,Genderfluid,144.41.192.156
675,Zonda,Josephoff,zjosephoffiq@pbs.org,Bigender,192.67.222.138
676,Roanna,Clingan,rclinganir@163.com,Female,77.204.75.210
677,Johannah,Jakovijevic,jjakovijevicis@engadget.com,Bigender,108.80.97.114
678,Riley,Radleigh,rradleighit@jalbum.net,Bigender,215.194.120.228
679,Horst,Battleson,hbattlesoniu@nih.gov,Non-binary,137.1.162.77
680,Chas,Arlett,carlettiv@toplist.cz,Genderqueer,113.59.235.208
681,Daffie,Drews,ddrewsiw@photobucket.com,Male,199.74.93.45
682,Helsa,Artus,hartusix@soup.io,Agender,72.26.186.154
683,Ashlen,Corwin,acorwiniy@over-blog.com,Genderfluid,222.122.63.254
684,Alisa,Kenrick,akenrickiz@elegantthemes.com,Female,8.114.159.99
685,Esdras,Qualtro,equaltroj0@webeden.co.uk,Genderfluid,241.111.72.210
686,Bria,Leggis,bleggisj1@symantec.com,Bigender,124.50.54.185
687,Florentia,Honeyghan,fhoneyghanj2@angelfire.com,Female,206.132.2.165
688,Gwennie,Dmytryk,gdmytrykj3@mozilla.org,Genderqueer,25.14.245.249
689,Christin,Tierny,ctiernyj4@umn.edu,Polygender,27.32.157.55
690,Emma,Zincke,ezinckej5@4shared.com,Agender,93.48.173.204
691,Glenine,Bather,gbatherj6@google.fr,Agender,95.221.191.146
692,Stace,Vlies,svliesj7@csmonitor.com,Agender,85.72.122.223
693,Olly,Reddlesden,oreddlesdenj8@psu.edu,Agender,33.239.152.56
694,Gwendolen,Rumbelow,grumbelowj9@istockphoto.com,Bigender,34.198.221.156
695,Armand,Ponting,apontingja@hostgator.com,Agender,126.31.22.228
696,Catharine,Hunnicutt,chunnicuttjb@reuters.com,Genderqueer,72.148.138.225
697,Alessandro,Foulgham,afoulghamjc@geocities.com,Polygender,152.50.142.243
698,Tory,Burtwistle,tburtwistlejd@blogger.com,Genderfluid,23.81.113.42
699,Olag,Hoppner,ohoppnerje@bbc.co.uk,Genderfluid,75.162.151.30
700,Natka,Meharg,nmehargjf@cdc.gov,Genderqueer,227.180.134.170
701,Caddric,Perel,cpereljg@zdnet.com,Female,194.242.205.131
702,Ricky,Dorro,rdorrojh@businessinsider.com,Genderqueer,60.56.92.33
703,Engracia,Meiklam,emeiklamji@godaddy.com,Genderqueer,192.118.47.169
704,Heddi,Tetford,htetfordjj@dot.gov,Bigender,67.231.231.17
705,Addison,Heintsch,aheintschjk@aol.com,Genderqueer,26.249.91.93
706,Larissa,Selman,lselmanjl@rambler.ru,Bigender,162.128.59.209
707,Orren,Loadman,oloadmanjm@twitpic.com,Genderqueer,97.71.68.83
708,Doralia,Keuning,dkeuningjn@usda.gov,Polygender,2.43.71.168
709,Vita,Balharrie,vbalharriejo@multiply.com,Genderfluid,81.40.235.151
710,Pierette,Woolaghan,pwoolaghanjp@amazonaws.com,Genderfluid,231.219.67.22
711,Felicia,Warwicker,fwarwickerjq@prlog.org,Non-binary,42.58.107.182
712,Feliza,Cartledge,fcartledgejr@nhs.uk,Female,93.171.161.191
713,Evelina,Bomfield,ebomfieldjs@studiopress.com,Genderqueer,42.132.109.17
714,Tanny,Favill,tfavilljt@people.com.cn,Polygender,4.61.34.253
715,Yale,Du Fray,ydufrayju@mysql.com,Genderqueer,248.125.255.176
716,Sherlock,Vidyapin,svidyapinjv@cpanel.net,Bigender,19.3.114.226
717,Rochell,Mouser,rmouserjw@who.int,Female,236.76.66.178
718,Leopold,Rees,lreesjx@msu.edu,Bigender,201.244.150.220
719,Lilyan,Jadczak,ljadczakjy@marketwatch.com,Agender,177.215.224.77
720,Katuscha,Rudyard,krudyardjz@google.com,Agender,19.212.9.170
721,Vera,Scoyne,vscoynek0@seattletimes.com,Female,207.90.128.215
722,Corissa,Willetts,cwillettsk1@msn.com,Non-binary,220.14.18.15
723,Geoffrey,Prandoni,gprandonik2@si.edu,Male,54.1.167.211
724,Oralia,Lepope,olepopek3@whitehouse.gov,Agender,147.26.220.236
725,Shelby,Splain,ssplaink4@wufoo.com,Genderfluid,217.142.246.70
726,Lenore,Iremonger,liremongerk5@unicef.org,Male,184.188.6.123
727,Stepha,Edgeon,sedgeonk6@google.de,Female,1.175.196.107
728,Hilliary,Attoe,hattoek7@businessinsider.com,Genderfluid,247.174.34.38
729,Gwenette,Hundal,ghundalk8@jalbum.net,Genderqueer,52.72.190.254
730,Lynn,Kaminski,lkaminskik9@usda.gov,Polygender,82.228.97.152
731,Isac,Breache,ibreacheka@yandex.ru,Male,149.42.176.12
732,Katalin,Rozenzweig,krozenzweigkb@gov.uk,Bigender,201.109.226.33
733,Reggis,Dineen,rdineenkc@usnews.com,Agender,128.97.232.157
734,Marion,Imos,mimoskd@zimbio.com,Genderfluid,185.46.27.140
735,Chloris,Fermin,cferminke@1und1.de,Agender,70.182.54.252
736,Twyla,Pagden,tpagdenkf@qq.com,Genderqueer,224.112.210.251
737,Noelani,Tomsu,ntomsukg@ow.ly,Non-binary,175.108.71.23
738,Josie,Wetheril,jwetherilkh@eepurl.com,Genderfluid,129.111.88.232
739,Harmony,Snaddon,hsnaddonki@mac.com,Female,69.237.251.91
740,Jordan,Nisby,jnisbykj@google.it,Agender,213.63.71.160
741,Sherry,Foystone,sfoystonekk@github.io,Genderfluid,42.147.199.220
742,Gunar,Knightly,gknightlykl@ebay.co.uk,Non-binary,46.135.133.246
743,Merry,Warsap,mwarsapkm@surveymonkey.com,Male,26.185.172.194
744,Kerrie,Keenlayside,kkeenlaysidekn@devhub.com,Agender,208.66.200.1
745,Tyne,Ratazzi,tratazziko@blogger.com,Male,3.160.184.46
746,Matthew,Haugen,mhaugenkp@whitehouse.gov,Male,100.96.137.217
747,Pip,Motto,pmottokq@home.pl,Female,222.105.136.213
748,Pate,Derwin,pderwinkr@phpbb.com,Male,225.237.221.190
749,Shayne,Gilhooley,sgilhooleyks@diigo.com,Genderfluid,8.166.27.222
750,Whitaker,Simpkins,wsimpkinskt@unblog.fr,Genderfluid,120.36.85.181
751,Estella,Guerreru,eguerreruku@yellowpages.com,Genderfluid,94.33.133.131
752,Nathan,Bryns,nbrynskv@scientificamerican.com,Female,57.248.210.107
753,Laural,Gatheral,lgatheralkw@blinklist.com,Genderfluid,146.136.203.163
754,Doy,Danilenko,ddanilenkokx@youtube.com,Male,178.7.213.159
755,Kelcy,Shevels,kshevelsky@istockphoto.com,Non-binary,86.39.115.209
756,Erhard,Andrew,eandrewkz@walmart.com,Bigender,112.145.102.26
757,Anatollo,Waye,awayel0@merriam-webster.com,Non-binary,92.174.69.146
758,Harriett,Ronald,hronaldl1@xinhuanet.com,Female,216.187.144.238
759,Artemas,Baildon,abaildonl2@blogger.com,Polygender,28.149.140.221
760,Marlane,Duckels,mduckelsl3@twitpic.com,Bigender,85.153.213.207
761,Jakob,Terbeck,jterbeckl4@fastcompany.com,Non-binary,51.90.20.190
762,Veronica,Whithorn,vwhithornl5@usda.gov,Bigender,251.161.38.133
763,Analise,Strudwick,astrudwickl6@multiply.com,Non-binary,228.218.18.107
764,Lewes,Slad,lsladl7@kickstarter.com,Genderfluid,111.80.32.104
765,Babita,Brokenshaw,bbrokenshawl8@freewebs.com,Non-binary,102.8.49.58
766,Clemmie,Paff,cpaffl9@gizmodo.com,Polygender,250.78.241.20
767,Eddi,Croix,ecroixla@jalbum.net,Genderqueer,33.238.198.145
768,Genni,Zanitti,gzanittilb@comcast.net,Agender,151.251.86.136
769,Patsy,Alsobrook,palsobrooklc@theglobeandmail.com,Polygender,65.51.140.98
770,Glennie,Grinaway,ggrinawayld@dailymail.co.uk,Non-binary,151.15.55.253
771,Lauren,Carefull,lcarefullle@instagram.com,Agender,133.199.86.117
772,Angie,Borth,aborthlf@blogspot.com,Genderqueer,123.246.168.92
773,Tedda,Jachtym,tjachtymlg@nationalgeographic.com,Bigender,179.174.60.233
774,Demott,Whitehouse,dwhitehouselh@dropbox.com,Male,23.67.101.40
775,Errol,Klyner,eklynerli@weibo.com,Polygender,156.223.8.192
776,Quentin,Hurdiss,qhurdisslj@bloomberg.com,Bigender,42.137.145.28
777,Teresita,Epton,teptonlk@prweb.com,Bigender,202.156.121.98
778,Virginia,Hand,vhandll@vistaprint.com,Non-binary,144.172.38.33
779,Butch,Waples,bwapleslm@123-reg.co.uk,Genderfluid,89.106.114.167
780,Bernadine,Dunkirk,bdunkirkln@cbslocal.com,Agender,213.181.93.148
781,Gaby,Kmieciak,gkmieciaklo@disqus.com,Agender,206.18.8.89
782,Gearard,Kennerley,gkennerleylp@sbwire.com,Polygender,211.115.40.77
783,Kort,Badby,kbadbylq@artisteer.com,Agender,88.150.58.62
784,Skipton,Bastable,sbastablelr@bing.com,Agender,54.142.206.63
785,Burton,Johnikin,bjohnikinls@cocolog-nifty.com,Genderqueer,28.135.228.152
786,Daisi,Lachaize,dlachaizelt@cbc.ca,Agender,158.131.233.49
787,Bird,Devenny,bdevennylu@mlb.com,Agender,254.117.52.24
788,Nolly,Kohrt,nkohrtlv@marketwatch.com,Male,62.104.70.81
789,Anabel,Tuttiett,atuttiettlw@ifeng.com,Polygender,154.130.144.119
790,Karee,Harp,kharplx@msn.com,Polygender,139.140.32.74
791,Fran,Pye,fpyely@utexas.edu,Agender,216.66.74.161
792,Stinky,Lerigo,slerigolz@digg.com,Polygender,162.254.184.102
793,Salem,Fellgett,sfellgettm0@mozilla.org,Non-binary,137.10.228.63
794,Xenia,Garcia,xgarciam1@feedburner.com,Polygender,253.176.91.80
795,Killian,Golsworthy,kgolsworthym2@aboutads.info,Genderqueer,156.94.185.245
796,Tynan,Brownfield,tbrownfieldm3@cdc.gov,Genderfluid,137.54.173.50
797,Angie,McTerry,amcterrym4@statcounter.com,Agender,34.67.30.52
798,Beverlee,Sargerson,bsargersonm5@amazon.com,Agender,155.189.241.249
799,Daniela,Di Gregorio,ddigregoriom6@theguardian.com,Bigender,51.152.4.143
800,Juliann,Braben,jbrabenm7@slashdot.org,Agender,43.107.168.86
801,Durward,Alvin,dalvinm8@tripod.com,Genderfluid,68.155.72.101
802,Thibaut,Fenimore,tfenimorem9@zimbio.com,Bigender,189.35.200.210
803,Colet,Placidi,cplacidima@discovery.com,Agender,244.171.252.223
804,Galvan,Orable,gorablemb@amazon.de,Genderqueer,55.254.191.82
805,Fredrick,Broggelli,fbroggellimc@livejournal.com,Non-binary,62.55.81.119
806,Tome,Perchard,tperchardmd@digg.com,Polygender,94.109.91.127
807,Egan,Prout,eproutme@npr.org,Male,69.14.129.46
808,Olvan,Gainforth,ogainforthmf@facebook.com,Male,11.59.191.47
809,Kania,Allitt,kallittmg@over-blog.com,Bigender,161.38.206.209
810,Sunny,Unsworth,sunsworthmh@fda.gov,Non-binary,14.253.0.31
811,Randie,Leverette,rleverettemi@delicious.com,Genderqueer,110.110.94.251
812,Ody,Duhig,oduhigmj@va.gov,Bigender,24.129.163.9
813,Minnnie,Kingdon,mkingdonmk@imageshack.us,Polygender,141.100.51.48
814,Israel,Lambart,ilambartml@phpbb.com,Female,168.152.216.86
815,Shirline,Bims,sbimsmm@tripadvisor.com,Agender,142.162.121.14
816,Leighton,Robinett,lrobinettmn@nyu.edu,Polygender,42.62.11.71
817,Paolina,Brinsden,pbrinsdenmo@moonfruit.com,Bigender,24.183.70.6
818,Reece,Read,rreadmp@whitehouse.gov,Genderfluid,89.7.189.148
819,Kimberlyn,Adamovicz,kadamoviczmq@so-net.ne.jp,Male,206.17.9.141
820,Yehudi,Spera,ysperamr@imgur.com,Agender,69.209.24.238
821,Francklyn,Metham,fmethamms@illinois.edu,Male,143.199.22.78
822,Kirk,Caslake,kcaslakemt@who.int,Polygender,156.8.169.198
823,Giff,Wolters,gwoltersmu@t-online.de,Female,232.124.143.23
824,Deane,Kees,dkeesmv@google.cn,Polygender,233.142.23.149
825,Georgie,Schoular,gschoularmw@google.com,Bigender,16.85.180.60
826,Kata,Merryfield,kmerryfieldmx@spiegel.de,Agender,18.242.37.225
827,Teriann,Scarf,tscarfmy@merriam-webster.com,Polygender,201.120.166.243
828,Krystle,Andriolli,kandriollimz@hexun.com,Genderqueer,147.22.243.165
829,Ludvig,McRory,lmcroryn0@unblog.fr,Male,153.82.31.15
830,Maddy,Sillars,msillarsn1@google.ca,Female,188.193.156.160
831,Nell,Symondson,nsymondsonn2@time.com,Non-binary,35.181.205.184
832,Correy,MacCracken,cmaccrackenn3@uiuc.edu,Genderqueer,114.106.170.137
833,Prudi,Gutowska,pgutowskan4@house.gov,Genderqueer,126.199.173.211
834,Rudolf,Crayker,rcraykern5@ameblo.jp,Non-binary,69.159.238.77
835,Wally,Reary,wrearyn6@redcross.org,Polygender,98.146.147.154
836,Griz,Woollam,gwoollamn7@twitpic.com,Agender,213.36.123.177
837,Parker,Gonet,pgonetn8@flickr.com,Genderfluid,109.108.15.242
838,Gweneth,Bottelstone,gbottelstonen9@buzzfeed.com,Genderqueer,141.234.56.241
839,Sarah,Gudyer,sgudyerna@cbslocal.com,Agender,184.114.141.112
840,Roda,Jaycox,rjaycoxnb@dagondesign.com,Agender,44.190.171.76
841,Kristos,Lanchester,klanchesternc@squarespace.com,Non-binary,46.165.210.12
842,Kassia,Schollar,kschollarnd@privacy.gov.au,Genderqueer,108.246.40.220
843,Caesar,Grievson,cgrievsonne@odnoklassniki.ru,Male,117.60.125.226
844,Brandais,Stuchbury,bstuchburynf@blogtalkradio.com,Bigender,151.203.0.221
845,Kaycee,Fassan,kfassanng@tripod.com,Genderqueer,147.133.114.37
846,Jodie,St Louis,jstlouisnh@desdev.cn,Agender,221.145.149.236
847,Llewellyn,Brayfield,lbrayfieldni@ovh.net,Genderfluid,33.214.227.69
848,Diarmid,Gallienne,dgalliennenj@icio.us,Male,5.121.106.157
849,Franz,Baldinotti,fbaldinottink@virginia.edu,Genderqueer,31.228.188.210
850,Beret,Withrington,bwithringtonnl@unblog.fr,Female,239.19.113.35
851,Elwyn,Rominov,erominovnm@chron.com,Agender,105.24.190.50
852,Tiebold,Fosserd,tfosserdnn@elpais.com,Bigender,112.14.38.193
853,Deanna,Ivashnikov,divashnikovno@ucla.edu,Genderqueer,71.108.214.72
854,Hendrick,Oakeshott,hoakeshottnp@ox.ac.uk,Agender,181.115.188.223
855,Dania,Lynnitt,dlynnittnq@eepurl.com,Genderfluid,206.73.144.187
856,Alwyn,Mussalli,amussallinr@ebay.com,Genderqueer,8.243.111.131
857,Edouard,Rubbert,erubbertns@jalbum.net,Genderfluid,133.25.29.179
858,Hy,Cussons,hcussonsnt@chronoengine.com,Agender,150.166.126.29
859,Alaster,Atrill,aatrillnu@reverbnation.com,Bigender,103.28.242.137
860,Rae,Hixley,rhixleynv@pinterest.com,Male,244.109.219.233
861,Ricky,Berkely,rberkelynw@globo.com,Bigender,9.176.225.64
862,Sheela,Sketcher,ssketchernx@creativecommons.org,Genderqueer,220.87.126.185
863,Griselda,Gopsill,ggopsillny@wufoo.com,Agender,81.60.16.206
864,Ruth,Bradburne,rbradburnenz@webmd.com,Male,60.24.68.21
865,Paulie,Seaton,pseatono0@hugedomains.com,Female,31.56.115.121
866,Corrianne,Hackey,chackeyo1@livejournal.com,Agender,204.237.59.18
867,Andeee,Tilberry,atilberryo2@vk.com,Genderfluid,74.134.45.76
868,Hillery,Messitt,hmessitto3@senate.gov,Genderqueer,247.180.102.108
869,Remus,Junkinson,rjunkinsono4@51.la,Genderqueer,228.27.179.212
870,Alyse,Twyning,atwyningo5@jalbum.net,Male,76.207.157.209
871,Tate,Irvin,tirvino6@blog.com,Agender,56.151.9.103
872,Matty,Furminger,mfurmingero7@arstechnica.com,Genderqueer,12.231.236.197
873,Emmett,Colquete,ecolqueteo8@123-reg.co.uk,Genderfluid,193.133.12.169
874,Nels,Cuxon,ncuxono9@yale.edu,Genderfluid,177.160.205.201
875,Dannie,Banker,dbankeroa@examiner.com,Genderqueer,243.78.163.212
876,Marna,Pottle,mpottleob@cbslocal.com,Polygender,8.46.54.227
877,Leandra,Medling,lmedlingoc@statcounter.com,Bigender,40.234.54.146
878,Teressa,Aucutt,taucuttod@house.gov,Non-binary,32.28.189.155
879,Lilli,Leijs,lleijsoe@huffingtonpost.com,Male,22.173.228.120
880,Elfie,McClifferty,emccliffertyof@booking.com,Bigender,103.209.48.161
881,Merralee,Pibsworth,mpibsworthog@nifty.com,Male,154.222.140.187
882,Horace,Chatfield,hchatfieldoh@studiopress.com,Polygender,215.30.125.54
883,Hendrik,Von Gladbach,hvongladbachoi@sitemeter.com,Genderqueer,133.62.56.152
884,Ursala,Afield,uafieldoj@redcross.org,Male,21.252.132.119
885,Avril,Tuite,atuiteok@amazon.co.jp,Genderfluid,151.118.233.192
886,Romona,Blacklidge,rblacklidgeol@ask.com,Male,110.11.131.246
887,Vincents,Trathen,vtrathenom@over-blog.com,Genderfluid,77.120.226.88
888,Brinn,O'Nowlan,bonowlanon@360.cn,Male,248.56.231.127
889,Chlo,Dillamore,cdillamoreoo@accuweather.com,Male,29.86.223.188
890,Celina,Itzkov,citzkovop@cornell.edu,Bigender,85.224.36.146
891,Ford,Mechell,fmechelloq@purevolume.com,Agender,220.35.120.86
892,Verna,Battabee,vbattabeeor@epa.gov,Male,85.140.59.104
893,Allie,Venneur,avenneuros@wix.com,Non-binary,193.48.154.209
894,Sherm,Alexsandrowicz,salexsandrowiczot@liveinternet.ru,Female,0.88.61.127
895,Brockie,Powles,bpowlesou@ed.gov,Female,212.117.172.30
896,Ferdinand,Stillmann,fstillmannov@sitemeter.com,Agender,89.86.86.93
897,Raynard,Webburn,rwebburnow@themeforest.net,Agender,193.220.109.42
898,Hamnet,Senchenko,hsenchenkoox@tripod.com,Genderfluid,38.47.50.54
899,Cecil,Turnbull,cturnbulloy@histats.com,Male,99.245.78.252
900,Esdras,Lambregts,elambregtsoz@mac.com,Genderfluid,162.252.66.88
901,Harmony,Acreman,hacremanp0@house.gov,Genderfluid,132.127.119.29
902,Johnath,Winser,jwinserp1@mlb.com,Agender,85.246.57.192
903,Piggy,Pisco,ppiscop2@furl.net,Polygender,148.173.186.139
904,Marlo,O'Kane,mokanep3@hatena.ne.jp,Bigender,84.2.167.143
905,Des,Jemmett,djemmettp4@github.io,Bigender,230.190.190.234
906,Bentlee,Grahl,bgrahlp5@360.cn,Polygender,65.185.12.52
907,Annamaria,Beatty,abeattyp6@hostgator.com,Polygender,126.120.41.118
908,Prentice,Hanney,phanneyp7@fotki.com,Male,192.197.205.9
909,Celle,Chasmer,cchasmerp8@goodreads.com,Agender,12.101.68.152
910,Cobbie,Yoodall,cyoodallp9@ezinearticles.com,Polygender,67.80.6.172
911,Karena,Crombleholme,kcrombleholmepa@delicious.com,Polygender,146.106.179.70
912,Preston,Game,pgamepb@hao123.com,Male,163.172.245.120
913,Arthur,Greguol,agreguolpc@clickbank.net,Genderfluid,248.160.4.232
914,Jackelyn,Brydson,jbrydsonpd@columbia.edu,Genderqueer,111.160.37.187
915,Vera,Suddell,vsuddellpe@lycos.com,Genderqueer,200.29.173.128
916,Laurice,Breston,lbrestonpf@com.com,Agender,207.150.158.253
917,Owen,Sara,osarapg@cafepress.com,Male,140.149.130.47
918,Marcelia,Whillock,mwhillockph@deliciousdays.com,Polygender,25.254.32.191
919,Gilburt,Bather,gbatherpi@de.vu,Non-binary,118.225.242.116
920,Giulio,Biggerstaff,gbiggerstaffpj@umich.edu,Non-binary,125.210.160.88
921,Caprice,Ayto,caytopk@tmall.com,Bigender,176.197.96.33
922,Lucinda,Kirimaa,lkirimaapl@soup.io,Genderqueer,97.30.41.179
923,Dianemarie,Jennions,djennionspm@bloglovin.com,Bigender,99.85.45.136
924,Sharity,Avramovitz,savramovitzpn@utexas.edu,Male,124.233.90.86
925,Gardener,Shyram,gshyrampo@sitemeter.com,Agender,101.241.95.98
926,Kasper,Frie,kfriepp@msn.com,Polygender,138.28.137.99
927,Bevon,McKinney,bmckinneypq@miitbeian.gov.cn,Male,238.185.157.115
928,Cirstoforo,Buck,cbuckpr@spotify.com,Genderqueer,85.251.225.118
929,Mata,Heinel,mheinelps@nsw.gov.au,Bigender,203.224.206.114
930,Verine,Knutsen,vknutsenpt@webeden.co.uk,Polygender,102.117.146.92
931,Thedrick,Breslauer,tbreslauerpu@webnode.com,Non-binary,136.125.223.108
932,Fonzie,Kleuer,fkleuerpv@drupal.org,Bigender,207.95.160.96
933,Evangelina,Brumen,ebrumenpw@t.co,Female,97.193.102.69
934,Ianthe,Stickings,istickingspx@creativecommons.org,Non-binary,75.56.69.139
935,Hubert,Rycroft,hrycroftpy@123-reg.co.uk,Polygender,84.181.213.70
936,Maurise,Haswall,mhaswallpz@seesaa.net,Agender,111.247.117.137
937,Joseph,Tuison,jtuisonq0@narod.ru,Agender,213.55.253.169
938,Janos,Grooby,jgroobyq1@yahoo.co.jp,Female,80.94.177.76
939,Bran,Clawe,bclaweq2@bloglines.com,Genderfluid,119.206.156.113
940,Kylie,Huffadine,khuffadineq3@samsung.com,Non-binary,231.36.168.3
941,Franzen,Ladyman,fladymanq4@toplist.cz,Male,39.88.56.49
942,Evyn,Hatchette,ehatchetteq5@ow.ly,Bigender,214.55.132.39
943,Malvina,Ovid,movidq6@topsy.com,Polygender,175.152.83.12
944,Florry,Seacombe,fseacombeq7@barnesandnoble.com,Genderqueer,42.32.104.142
945,Valentina,O'Drought,vodroughtq8@craigslist.org,Non-binary,71.70.224.202
946,Fabian,Nudds,fnuddsq9@smugmug.com,Female,27.53.95.248
947,Massimo,Kinch,mkinchqa@istockphoto.com,Female,114.151.151.10
948,Salli,Ebbetts,sebbettsqb@amazonaws.com,Non-binary,15.37.39.69
949,Milicent,Lobb,mlobbqc@google.com.br,Agender,208.106.86.154
950,Helena,Mapis,hmapisqd@dot.gov,Non-binary,115.208.234.141
951,Orelle,Innot,oinnotqe@tuttocitta.it,Non-binary,162.196.45.197
952,Melania,Ivanonko,mivanonkoqf@edublogs.org,Female,95.186.228.37
953,Nikolos,Desantis,ndesantisqg@dyndns.org,Polygender,196.163.195.30
954,Jessalin,Mcall,jmcallqh@hubpages.com,Agender,138.111.54.72
955,Delly,Mottley,dmottleyqi@artisteer.com,Non-binary,25.114.213.119
956,Barbee,Vertey,bverteyqj@bizjournals.com,Genderfluid,248.24.152.132
957,Maiga,Cluett,mcluettqk@hao123.com,Genderfluid,209.100.127.94
958,Paige,Boleyn,pboleynql@ebay.co.uk,Polygender,127.174.156.79
959,Darrick,Clemente,dclementeqm@tamu.edu,Genderfluid,58.192.252.243
960,Kaylyn,Keave,kkeaveqn@bizjournals.com,Male,112.12.110.149
961,Torey,Ion,tionqo@ameblo.jp,Genderfluid,16.97.198.117
962,Murial,Yurenev,myurenevqp@yahoo.com,Polygender,145.133.248.40
963,Addy,Killick,akillickqq@posterous.com,Genderqueer,146.253.20.154
964,Winnie,Wandrack,wwandrackqr@barnesandnoble.com,Female,223.202.132.168
965,Novelia,Gheorghie,ngheorghieqs@google.it,Female,1.130.27.156
966,Gloriane,Maleney,gmaleneyqt@amazon.com,Female,161.51.205.206
967,Alyosha,Luten,alutenqu@lycos.com,Genderfluid,175.2.110.122
968,Raychel,Alexsandrowicz,ralexsandrowiczqv@opensource.org,Female,148.231.37.226
969,Kendre,Legging,kleggingqw@google.ru,Non-binary,28.227.130.64
970,Eduino,Turmell,eturmellqx@gizmodo.com,Genderqueer,59.139.198.248
971,Monro,Southouse,msouthouseqy@google.co.jp,Female,12.43.45.38
972,Irving,Bourthoumieux,ibourthoumieuxqz@scribd.com,Genderfluid,13.165.81.104
973,Reiko,Ledekker,rledekkerr0@over-blog.com,Non-binary,178.223.156.84
974,Martelle,Ausher,mausherr1@statcounter.com,Genderqueer,0.252.50.65
975,Dorolice,Bensen,dbensenr2@oakley.com,Male,56.192.203.23
976,Marika,Cholerton,mcholertonr3@istockphoto.com,Genderqueer,148.22.145.111
977,Kellyann,Lumbley,klumbleyr4@mediafire.com,Female,224.80.84.214
978,Claudius,Copestick,ccopestickr5@typepad.com,Male,25.44.16.5
979,Tedd,Longcake,tlongcaker6@scribd.com,Bigender,10.29.103.175
980,Rafaelita,Wigley,rwigleyr7@businesswire.com,Non-binary,187.247.221.84
981,Dun,Wadesworth,dwadesworthr8@amazon.co.jp,Genderqueer,39.179.1.114
982,Loydie,Hartland,lhartlandr9@psu.edu,Male,96.65.79.114
983,Callida,Kirsz,ckirszra@marketwatch.com,Male,153.210.243.35
984,Jackie,Iozefovich,jiozefovichrb@multiply.com,Genderqueer,245.155.72.33
985,Mauricio,Laugherane,mlaugheranerc@sciencedirect.com,Polygender,171.95.176.29
986,Kirby,Padell,kpadellrd@wordpress.org,Genderfluid,42.167.225.244
987,Marysa,McCrea,mmccreare@shareasale.com,Polygender,127.43.156.191
988,Collette,Trudgeon,ctrudgeonrf@nymag.com,Non-binary,150.158.204.153
989,Ebeneser,Baughan,ebaughanrg@yolasite.com,Female,224.69.26.57
990,Jilli,Chretien,jchretienrh@businessinsider.com,Female,247.69.65.7
991,Abigale,Rupke,arupkeri@bigcartel.com,Bigender,22.41.221.230
992,Pancho,McMichell,pmcmichellrj@pcworld.com,Genderfluid,31.132.196.155
993,Karon,Hansman,khansmanrk@europa.eu,Polygender,209.43.72.87
994,Broddie,Savery,bsaveryrl@dyndns.org,Female,233.38.41.49
995,Edin,Brigham,ebrighamrm@google.co.jp,Non-binary,100.109.34.170
996,Henrietta,Espinal,hespinalrn@163.com,Male,135.57.7.176
997,Eveline,Malek,emalekro@indiatimes.com,Male,241.137.42.70
998,Cooper,Widdowes,cwiddowesrp@upenn.edu,Polygender,75.133.101.56
999,Ali,Buessen,abuessenrq@fastcompany.com,Bigender,67.88.50.114
1000,Sheppard,Winterflood,swinterfloodrr@princeton.edu,Male,186.51.214.205
